Participent ID,KP_01,KP_02,KP_03,KP_04,KP_05,KP_06,KP_07,KP_08,KP_09,KP_10,KP_11,KP_12,KP_13,KP_14,KP_15,KP_16,KP_17,KP_18,KP_19,KP_20,KP_21,KP_22,KP_23,KP_24,KP_25,KP_26,KP_27,KP_28,KP_29,KP_30,KP_31,KP_32,KP_33,KP_34,KP_35,KP_36,KP_37,KP_38,KP_39,KP_40,KP_41,KP_42,KP_43,KP_44,KP_45,KP_46,KP_47,KP_48,KP_49,KP_50,KP_51,KP_52,KP_53,KP_54,KP_55,KP_56,KP_57,KP_58,KP_59,KP_60,KP_61,KP_62,KP_63,KP_64,KP_65,KP_66,KP_67,KP_68
300,67,58,48,41,13,2,0,1,14,11,3,4,10,23,26,27,51,66,65,59,60,57,37,35,33,32,36,46,49,52,64,29,39,45,42,44,47,55,50,40,38,43,17,30,31,20,21,15,7,12,24,16,25,9,6,28,63,61,62,34,8,19,18,22,5,56,54,53
301,60,29,13,9,4,2,0,1,6,3,5,7,8,15,21,25,62,67,63,54,57,53,22,23,28,38,45,49,56,64,66,48,50,51,55,58,59,65,61,47,42,52,24,37,40,26,27,20,11,19,43,36,35,17,16,14,34,33,44,18,10,32,31,30,12,39,41,46
302,10,4,1,0,2,3,5,12,15,14,11,9,7,6,8,13,33,54,55,56,59,65,64,63,62,60,57,58,61,66,67,50,52,53,51,47,41,48,43,38,39,44,37,42,49,45,46,40,17,27,34,35,36,26,21,20,24,23,22,18,16,31,32,30,19,29,28,25
303,57,41,40,42,27,17,14,31,52,25,12,13,28,48,50,47,58,59,53,49,54,51,30,32,33,45,56,37,35,39,55,15,19,24,26,29,43,46,44,34,36,38,23,18,21,16,20,22,0,1,11,10,9,4,6,61,63,67,65,60,2,7,8,3,5,62,66,64
304,48,23,6,1,3,15,22,44,51,35,7,8,20,25,36,38,59,42,37,41,50,54,53,49,46,52,57,28,32,43,55,0,5,14,10,18,11,26,21,2,4,13,9,31,39,30,27,17,40,34,29,24,33,47,56,61,67,66,65,60,45,16,12,19,58,64,63,62
305,32,1,0,2,7,47,52,58,61,57,59,60,62,63,65,66,67,44,30,23,26,20,13,22,34,54,64,8,18,37,56,9,10,15,19,24,11,27,21,6,4,5,3,31,45,43,35,14,40,33,29,25,28,36,50,48,53,51,55,49,38,16,12,17,46,41,39,42
306,35,32,38,44,36,30,18,23,40,39,37,33,26,25,17,12,24,16,19,22,28,27,20,21,11,8,9,31,47,65,67,45,54,58,53,46,3,15,13,6,2,1,7,14,10,0,4,5,29,41,56,55,59,52,51,57,66,64,63,48,34,42,43,50,49,62,61,60
307,4,0,1,9,19,36,53,58,61,59,55,52,45,34,17,7,18,28,23,22,27,32,37,29,24,26,30,25,40,54,60,31,39,43,42,41,8,16,12,3,5,10,2,11,15,14,13,6,20,38,49,50,51,44,35,56,65,67,66,57,21,46,48,47,33,62,64,63
308,50,18,3,2,4,11,24,26,25,10,7,8,16,28,32,33,60,61,62,64,65,67,58,59,57,63,66,52,49,53,56,21,27,29,30,31,46,55,51,42,43,44,34,47,54,48,45,39,1,12,22,20,19,9,5,17,35,40,41,23,6,15,14,13,0,36,37,38
309,52,46,47,50,54,63,62,53,57,61,67,66,58,56,51,43,49,64,65,60,59,55,44,39,29,18,22,37,38,41,48,23,27,31,34,35,42,45,40,20,32,36,5,9,6,0,1,2,4,11,19,17,24,13,8,15,33,25,30,14,3,12,10,16,7,28,21,26
310,67,63,55,42,27,16,18,29,35,19,13,20,37,51,56,47,62,46,43,38,48,52,54,31,15,8,11,26,32,57,66,23,22,28,21,17,12,14,10,0,5,9,4,6,7,2,3,1,53,40,45,36,39,34,49,33,61,64,65,44,50,30,25,24,41,58,59,60
311,65,48,24,8,1,2,3,0,5,11,37,51,54,60,64,66,67,53,47,43,46,52,49,41,36,50,63,23,21,32,45,4,6,10,13,19,14,35,31,22,17,26,12,27,33,25,28,16,30,18,29,20,38,40,42,57,62,58,59,44,34,9,7,15,39,61,55,56
312,48,19,13,9,1,0,2,8,10,6,3,5,4,7,11,17,49,52,58,57,60,62,63,66,61,65,64,53,55,59,67,31,34,41,40,38,45,54,50,39,36,43,42,51,56,47,46,44,12,21,28,26,30,25,16,24,37,35,33,18,14,20,22,23,15,32,29,27
313,37,6,1,5,4,9,2,0,14,11,12,10,7,15,20,42,65,66,63,54,53,49,43,31,28,36,40,56,61,64,67,47,55,57,59,58,52,62,60,29,30,44,19,48,51,23,21,18,3,24,46,45,50,26,22,17,32,25,27,13,8,33,39,38,16,41,34,35
314,56,6,3,1,0,2,4,19,42,23,16,33,51,60,63,66,67,65,62,58,57,52,37,39,49,59,64,17,38,54,61,20,25,31,27,24,29,45,41,8,9,14,5,21,35,22,11,7,10,44,55,50,53,47,40,30,46,43,48,36,13,32,28,26,34,15,12,18
315,54,17,14,24,35,34,25,38,53,26,15,19,27,29,36,44,58,48,42,39,45,49,46,43,33,40,50,22,20,28,47,1,0,3,2,6,16,31,23,5,4,9,8,18,21,11,10,7,55,41,37,32,51,56,59,61,67,66,65,60,52,13,12,30,57,64,63,62
316,49,14,11,7,4,2,0,1,3,5,6,8,9,10,12,13,52,62,64,63,66,65,60,59,55,57,58,54,56,61,67,35,44,47,50,53,22,48,51,40,33,26,29,43,46,25,34,30,17,24,41,38,42,28,27,23,39,31,32,16,21,15,20,18,19,45,37,36
317,50,48,54,60,56,59,55,52,53,58,61,63,62,64,65,66,67,11,22,8,17,35,27,24,28,49,57,1,10,45,51,12,25,37,38,42,2,21,26,19,9,5,0,18,41,44,34,4,7,31,40,29,20,13,47,30,32,39,46,36,14,16,6,3,43,15,23,33
318,65,39,11,9,6,3,4,2,1,0,5,12,28,40,47,63,67,55,50,48,52,54,57,59,58,64,66,36,31,34,44,17,14,16,15,19,27,38,32,25,22,23,37,45,51,46,43,41,8,21,35,33,42,29,13,30,62,61,60,26,7,18,20,24,10,56,53,49
319,64,49,31,18,2,0,6,17,20,12,1,11,8,5,19,37,63,30,29,23,27,35,33,16,3,4,25,34,45,62,67,41,44,48,38,36,26,28,22,21,24,32,7,10,15,13,14,9,65,58,57,50,55,53,61,52,54,51,56,59,66,47,43,40,60,42,39,46
320,67,58,49,47,42,38,36,27,29,20,13,24,18,16,17,26,53,65,66,64,63,62,57,56,54,59,61,51,50,55,60,28,30,35,33,32,45,52,48,41,39,43,31,44,46,40,37,34,23,19,25,11,10,3,4,0,8,9,22,14,21,12,5,2,1,6,7,15
321,67,58,45,43,14,4,0,1,5,2,3,6,9,11,13,17,62,53,39,23,22,21,7,8,10,25,59,20,27,52,66,41,40,37,33,31,16,29,24,19,12,15,18,51,61,48,44,26,38,46,55,50,49,35,34,42,64,63,65,54,47,36,32,30,28,57,56,60
322,58,21,14,18,7,3,0,1,2,4,5,15,31,44,35,33,64,65,63,59,61,51,37,25,13,8,6,49,60,66,67,54,55,57,53,50,34,46,45,29,24,27,10,17,19,9,12,11,23,41,62,52,56,47,28,26,43,32,42,20,22,48,40,39,16,36,30,38
323,64,43,12,7,1,0,3,2,5,4,6,8,9,11,16,21,46,67,66,62,63,65,59,56,52,55,58,51,53,60,61,33,36,38,34,30,49,57,54,47,48,50,28,42,45,40,37,29,14,26,39,35,31,24,13,17,32,41,44,22,15,20,19,18,10,23,25,27
324,42,10,3,0,1,2,4,14,17,12,7,6,5,8,9,15,45,67,66,65,63,62,59,56,53,50,40,55,60,61,64,46,47,49,41,32,57,58,54,44,48,52,18,27,29,19,21,20,26,37,51,38,34,23,13,16,31,35,43,33,24,36,28,22,11,25,30,39
325,67,66,62,43,13,12,14,15,31,10,8,3,2,4,9,22,64,44,53,36,35,21,0,1,5,23,40,38,57,63,65,52,54,46,45,47,16,18,17,11,6,7,19,32,42,29,27,20,50,60,59,49,51,48,61,25,26,24,34,28,58,55,39,37,56,33,30,41
326,61,41,11,6,4,7,16,19,21,3,1,0,2,5,17,38,60,55,54,52,56,49,42,40,36,34,32,37,39,45,57,30,26,25,23,20,27,33,29,12,10,22,8,24,28,15,13,9,31,47,58,51,50,43,18,53,65,66,67,59,35,48,46,44,14,62,63,64
327,9,8,7,6,4,10,27,59,63,57,33,11,5,3,1,0,2,26,22,35,53,56,31,29,28,34,38,42,48,55,64,32,41,47,44,40,12,25,20,15,14,13,16,30,36,21,23,19,39,46,51,49,37,24,17,54,65,66,67,61,45,52,50,43,18,58,60,62
328,55,31,27,35,37,34,47,57,58,48,28,21,8,6,0,5,26,59,53,51,54,56,50,49,39,36,43,44,41,46,52,18,16,20,13,12,19,23,17,11,10,14,4,7,9,1,2,3,33,29,40,32,30,24,22,60,65,67,66,61,25,45,42,38,15,62,64,63
329,59,34,30,28,10,0,2,12,18,9,4,7,6,5,3,1,15,48,43,45,49,53,35,29,24,21,25,32,39,52,67,40,37,36,33,31,19,27,26,23,14,17,8,20,22,13,16,11,64,61,66,60,56,54,46,41,50,55,63,57,65,62,51,47,38,42,44,58
330,67,58,41,14,9,4,0,1,8,6,2,3,5,7,10,15,55,62,65,60,59,56,21,25,19,20,18,52,54,61,66,36,37,35,31,29,43,49,48,33,28,26,11,30,42,38,34,16,63,51,47,22,32,46,57,44,40,27,45,50,64,23,12,13,53,24,17,39
331,60,32,14,6,2,1,12,49,51,37,13,8,11,10,3,0,15,56,54,55,57,53,42,38,31,26,19,44,50,52,59,43,45,47,41,35,28,36,30,22,21,24,4,17,18,5,9,7,25,29,48,39,34,27,20,58,65,66,67,61,23,46,40,33,16,62,63,64
332,53,31,32,27,8,4,2,9,23,14,7,6,1,5,0,3,12,42,51,54,64,66,56,48,33,25,20,43,57,65,67,45,49,47,40,34,17,24,26,21,18,16,13,19,22,10,15,11,38,46,50,37,39,30,29,44,61,58,62,55,52,41,36,35,28,59,60,63
333,12,4,2,1,0,3,10,15,20,13,9,7,8,5,6,11,27,30,40,47,53,51,56,58,52,55,59,42,43,50,60,22,23,24,25,26,18,32,29,21,17,16,28,48,57,39,38,31,14,35,44,41,49,45,33,61,67,66,64,54,19,36,37,46,34,65,63,62
334,62,39,35,30,20,4,1,0,2,3,9,32,38,59,65,66,67,64,63,61,58,50,45,43,52,57,60,47,37,36,34,31,28,27,29,33,55,56,54,46,41,48,40,51,53,49,44,42,7,18,25,24,26,23,17,8,14,10,13,6,5,19,21,22,11,15,12,16
335,43,15,9,4,2,1,0,3,11,14,16,26,33,34,20,29,61,52,51,47,50,53,54,55,57,62,67,45,48,58,65,19,25,30,28,21,17,42,36,8,7,10,13,44,49,32,18,12,5,27,40,35,41,38,31,46,66,64,63,39,6,24,23,37,22,60,59,56
336,37,6,0,1,2,5,7,12,16,11,13,19,20,26,30,40,62,51,59,57,58,60,63,64,65,66,67,53,48,49,52,21,23,32,33,36,42,46,45,44,41,43,47,55,61,56,54,50,3,8,18,17,28,22,34,38,39,31,29,14,4,9,10,15,25,35,27,24
337,53,31,5,3,1,0,2,4,7,8,19,36,50,56,58,45,57,49,48,51,59,64,66,52,35,15,13,41,42,46,54,30,20,22,23,24,25,34,27,11,12,21,18,14,17,6,10,9,16,43,44,40,39,38,29,47,62,63,67,55,26,37,33,32,28,60,61,65
338,65,57,51,45,12,1,0,17,40,27,20,14,2,4,9,15,49,38,44,39,43,36,6,18,28,46,50,30,47,59,67,48,54,52,55,53,7,21,22,16,5,3,11,19,23,10,13,8,29,34,35,31,26,24,42,56,63,64,66,58,37,33,32,25,41,60,61,62
339,53,44,31,27,37,41,34,39,45,28,15,11,12,14,21,40,49,33,24,32,38,42,35,29,23,26,36,19,20,30,43,17,7,4,8,22,13,25,18,6,2,5,1,10,16,9,3,0,57,54,48,46,50,56,60,64,67,65,66,59,55,51,47,52,58,62,61,63
340,17,13,7,2,0,1,5,10,12,9,6,3,4,8,11,14,37,54,60,64,66,65,63,61,58,59,55,57,56,62,67,35,38,44,34,32,49,53,52,50,47,51,42,45,48,39,43,41,22,25,29,26,27,19,16,18,33,36,46,28,23,24,20,21,15,30,31,40
341,61,37,18,9,4,0,1,3,7,2,5,11,19,22,23,20,51,45,46,47,57,63,54,53,52,60,65,49,50,55,64,26,30,35,31,32,34,40,38,27,25,29,33,42,48,44,43,36,6,12,28,21,24,17,14,41,62,66,67,39,8,16,15,13,10,56,58,59
343,64,38,9,7,1,0,4,32,41,14,5,2,3,6,8,33,66,50,45,40,47,57,52,55,59,65,67,35,37,51,63,12,19,30,21,29,18,25,28,23,26,24,22,49,61,62,60,48,10,17,36,31,27,34,53,46,56,58,54,20,11,16,15,13,42,44,43,39
344,35,6,1,2,5,4,0,3,7,9,25,53,63,66,64,61,67,17,18,21,32,33,29,28,26,39,47,22,34,48,55,13,19,27,31,43,12,16,14,10,8,11,15,23,44,42,40,20,37,36,45,41,50,51,54,57,65,59,60,49,38,30,24,46,52,62,56,58
345,63,57,53,50,44,17,0,18,37,23,39,49,56,58,55,59,67,45,15,2,12,24,29,21,22,43,54,13,11,19,38,1,4,6,7,10,16,36,30,8,9,14,20,47,48,46,42,32,5,25,40,33,41,35,34,52,64,65,66,51,3,28,27,31,26,62,60,61
346,5,3,1,0,2,4,6,7,22,26,20,17,10,11,16,24,59,25,35,53,58,61,63,64,62,65,67,54,57,60,66,31,42,51,48,43,8,19,18,14,12,13,21,40,50,44,38,28,9,30,55,52,56,46,29,36,49,45,47,23,15,33,32,39,27,41,34,37
347,62,55,51,44,7,0,6,26,37,17,4,2,5,8,10,22,59,18,14,20,36,48,47,43,30,16,19,9,32,53,63,24,35,46,49,45,1,28,27,15,11,13,3,25,40,23,31,12,56,52,50,42,34,29,38,54,65,66,67,64,57,39,33,21,41,58,60,61
348,12,9,22,29,15,10,4,16,52,43,50,37,30,55,51,45,66,21,14,18,28,33,35,34,26,24,27,20,36,59,67,44,49,53,48,41,11,25,17,2,5,7,1,8,13,6,3,0,19,31,58,54,56,32,42,57,63,60,61,47,23,40,39,38,46,65,64,62
349,15,2,0,3,1,4,5,9,25,18,13,12,20,32,35,37,62,40,19,16,28,34,21,10,7,11,29,27,42,51,64,30,33,39,38,43,31,44,41,14,17,26,6,23,36,24,22,8,47,52,53,50,56,54,58,61,67,65,66,57,46,48,45,49,55,63,59,60
350,67,58,22,5,1,0,12,37,43,23,10,19,17,16,18,30,66,55,40,35,45,61,36,32,28,47,64,38,39,57,65,20,24,29,26,31,59,63,62,46,50,49,27,41,52,44,42,34,7,6,15,11,14,9,21,33,53,48,51,25,8,4,3,2,13,60,54,56
351,6,4,1,3,0,2,5,16,45,39,38,44,50,48,28,17,43,20,23,25,31,35,42,40,33,32,37,30,55,66,67,41,47,59,53,49,13,24,19,10,8,11,12,27,34,22,15,14,7,36,64,63,65,46,21,29,60,61,62,26,9,51,58,57,18,52,54,56
352,57,5,2,14,24,19,9,13,35,48,61,63,65,67,64,62,66,43,39,40,53,56,54,55,58,59,60,36,34,38,52,10,11,17,23,26,32,45,42,28,27,25,7,37,44,33,31,16,0,6,29,22,20,8,4,30,50,47,51,15,1,21,18,12,3,41,46,49
353,67,33,16,11,4,2,0,1,6,3,5,9,10,12,15,29,64,65,66,61,63,60,51,59,54,52,48,43,42,45,57,19,23,24,25,27,41,62,56,38,30,36,34,55,58,40,39,35,7,17,32,31,37,21,14,28,53,50,49,26,8,18,22,20,13,47,46,44
354,11,4,3,2,0,1,5,28,64,54,45,52,55,51,26,21,61,10,9,8,12,18,22,27,35,56,65,32,34,53,66,14,25,36,41,44,13,39,40,19,17,16,24,63,67,60,58,48,6,15,37,43,47,33,46,50,62,59,57,23,7,20,30,29,31,49,42,38
355,37,15,8,11,5,2,0,1,3,4,9,12,7,10,6,13,61,63,35,22,33,53,65,62,32,27,50,36,57,66,67,39,43,51,46,44,25,54,34,14,16,19,17,40,59,23,24,18,42,45,55,49,64,60,58,47,52,29,31,26,48,28,30,41,56,38,21,20
356,11,5,4,6,2,0,7,27,44,39,31,13,9,8,1,3,15,57,53,56,59,58,64,63,60,65,67,51,45,54,62,25,23,29,28,30,33,50,47,35,34,36,38,61,66,55,52,42,10,14,22,20,26,18,16,37,49,48,46,32,12,19,21,24,17,43,41,40
357,65,55,49,44,8,2,0,1,3,4,5,17,45,50,52,56,66,64,58,53,54,57,62,60,59,63,67,47,48,51,61,28,32,41,36,30,27,37,31,13,16,19,18,39,46,42,40,29,6,10,38,35,43,33,26,25,34,22,23,9,7,11,14,21,20,24,15,12
358,50,7,4,2,0,1,3,5,22,14,18,13,9,8,6,21,67,58,47,34,32,33,43,39,35,45,57,16,28,44,62,24,17,19,15,23,30,42,29,11,12,25,10,31,51,49,38,20,60,52,53,37,56,64,66,63,59,41,54,55,61,36,27,46,65,48,26,40
359,11,4,2,0,1,3,5,12,15,13,10,8,7,6,9,14,33,53,55,56,58,65,60,63,64,62,57,59,61,66,67,49,52,54,51,47,40,48,41,38,39,43,37,44,50,46,45,42,18,24,34,35,36,22,21,19,30,29,27,20,17,26,28,23,16,32,31,25
360,67,63,54,52,38,15,8,23,30,14,12,44,57,59,62,61,66,53,51,50,48,43,9,13,21,36,46,31,28,35,47,17,11,7,4,6,37,39,33,22,19,29,5,27,32,26,16,10,2,25,49,41,40,20,3,42,60,64,65,45,1,34,24,18,0,55,56,58
361,66,62,63,64,67,65,61,53,49,46,54,57,59,60,58,52,56,50,43,41,36,31,34,29,20,21,35,28,23,30,40,7,5,12,10,9,33,39,37,32,24,26,4,22,25,16,17,14,11,13,27,19,15,2,1,38,48,51,55,42,6,18,8,3,0,44,45,47
362,57,20,8,4,1,0,2,3,23,28,32,30,36,52,45,44,63,65,61,56,60,58,48,47,55,62,66,46,59,64,67,41,51,54,53,50,7,17,15,10,6,5,9,21,35,13,14,11,12,29,42,40,39,33,49,38,37,31,34,18,25,19,22,16,43,27,24,26
363,67,51,18,8,4,2,5,7,3,0,1,6,12,21,28,40,64,65,63,61,60,58,53,54,48,59,66,45,47,57,62,41,33,25,24,23,46,56,50,43,36,39,37,49,55,52,44,42,9,20,34,30,29,22,13,14,31,35,38,19,10,17,16,15,11,26,27,32
364,46,10,8,4,2,0,1,3,6,5,7,12,28,43,47,42,52,59,54,53,56,57,55,50,45,38,34,49,48,51,58,21,16,17,15,14,22,37,35,30,18,23,19,31,33,25,26,20,9,27,41,40,44,36,24,61,67,66,65,60,11,29,32,39,13,64,63,62
365,39,16,9,6,1,0,2,11,14,12,7,5,4,3,8,10,35,31,33,32,43,50,52,45,27,17,15,49,61,66,67,46,53,62,56,51,20,37,36,29,25,26,23,30,34,22,28,24,13,44,59,55,54,40,21,47,63,64,65,48,18,41,42,38,19,57,58,60
366,65,43,18,11,6,4,3,0,2,1,5,35,62,64,66,63,67,61,55,50,54,48,28,26,21,27,46,29,31,40,57,16,15,14,17,19,42,51,45,22,24,36,23,44,49,38,37,30,10,34,41,33,47,39,13,9,59,58,60,12,7,25,20,32,8,56,52,53
367,37,16,12,20,6,1,0,4,21,10,8,22,29,28,7,5,31,30,34,35,40,44,49,38,25,3,2,41,53,65,67,48,51,55,50,46,11,27,26,19,13,14,23,15,24,9,17,18,32,42,58,56,61,54,39,57,66,63,62,43,33,45,47,52,36,64,60,59
368,22,4,1,8,6,5,14,32,27,12,0,2,9,7,3,13,42,23,21,19,28,37,44,39,15,11,10,41,48,60,67,43,49,54,50,45,17,36,31,26,25,33,30,35,40,29,38,34,16,47,59,56,58,46,24,55,64,65,66,57,18,53,52,51,20,61,62,63
369,36,23,19,16,8,3,0,4,7,6,1,2,5,9,10,21,47,66,63,58,61,64,55,56,57,62,67,53,52,59,65,37,40,41,38,35,48,60,54,44,46,49,39,50,51,45,43,42,13,20,34,32,33,18,12,15,25,22,26,17,14,27,30,24,11,28,29,31
370,6,4,1,3,0,2,5,7,10,14,23,26,18,11,8,9,35,20,32,38,44,55,65,62,42,27,25,52,63,66,67,39,49,57,51,45,15,22,19,16,17,21,29,33,36,24,30,31,12,28,43,48,58,53,46,59,64,60,56,34,13,37,40,47,41,61,54,50
371,11,5,3,2,0,1,4,6,14,12,9,13,8,10,7,15,18,23,19,29,43,60,63,56,36,28,20,50,65,66,67,37,46,57,55,53,22,40,32,27,25,31,24,34,47,39,44,30,16,35,58,52,61,48,26,49,64,59,62,33,17,41,38,42,21,54,45,51
372,26,2,0,8,14,32,55,60,61,57,52,45,30,17,4,7,44,27,6,1,5,10,23,9,3,11,39,12,18,29,48,16,15,19,20,22,28,43,38,21,25,36,13,35,40,34,33,24,37,41,47,46,51,50,49,58,65,66,67,59,31,54,53,56,42,62,63,64
373,47,11,5,3,2,0,1,4,10,8,9,14,31,37,36,35,60,50,46,51,55,56,40,48,52,54,57,42,43,53,61,16,21,26,25,27,32,45,39,30,19,22,23,49,59,41,38,34,7,13,29,28,33,18,15,58,66,67,65,44,6,17,20,24,12,63,64,62
374,63,26,16,7,3,1,0,2,6,4,14,22,45,61,64,66,67,60,58,54,57,52,25,36,42,56,59,50,55,62,65,29,35,37,40,41,46,53,44,32,27,34,23,38,49,48,39,28,8,21,47,43,51,33,20,11,13,10,12,5,9,24,30,31,19,18,15,17
375,30,7,3,1,0,2,4,11,13,10,5,8,14,22,33,48,66,42,51,60,62,61,59,63,58,53,46,47,64,65,67,40,44,49,45,43,25,35,26,17,18,21,16,27,36,29,24,20,6,28,57,50,56,37,15,23,52,55,54,19,9,31,34,32,12,38,41,39
376,34,7,6,3,2,0,1,17,40,28,8,15,36,50,51,55,64,53,48,49,52,44,47,57,56,59,63,39,41,45,58,12,19,24,23,18,26,38,33,16,11,22,25,42,46,37,32,29,4,13,31,30,35,27,21,54,66,67,65,43,5,10,14,20,9,61,62,60
377,47,7,0,17,29,42,45,56,60,54,50,49,51,55,58,62,67,23,10,6,16,26,3,4,15,33,52,5,8,27,44,1,12,18,19,28,9,22,20,11,13,14,2,30,40,36,31,21,24,32,39,34,41,43,48,63,66,65,64,53,25,37,35,38,46,61,59,57
378,40,20,14,9,0,6,16,28,51,38,26,19,11,10,2,12,47,27,29,32,42,50,45,44,31,25,24,22,34,52,64,30,35,37,36,33,18,23,21,4,5,15,3,13,17,8,7,1,41,53,55,48,56,58,60,66,67,62,65,54,46,43,39,49,61,63,57,59
379,42,9,5,3,0,1,2,4,8,6,7,10,11,12,16,30,64,33,47,50,53,46,44,37,24,22,27,51,58,65,67,29,31,38,28,26,23,48,32,14,13,15,21,52,57,39,34,25,17,45,55,40,61,59,54,60,66,62,63,49,18,20,19,36,41,56,35,43
380,26,7,2,0,1,3,9,18,20,14,5,8,12,13,15,25,47,32,46,48,56,58,57,60,54,55,50,45,49,62,67,27,34,42,36,31,22,28,24,17,16,19,21,33,40,35,29,23,4,30,51,52,53,37,10,44,64,66,65,41,6,39,43,38,11,59,63,61
381,20,7,3,2,0,1,4,8,14,6,5,9,10,15,19,32,66,33,22,16,17,18,12,11,13,21,34,31,36,57,67,35,40,44,38,42,28,47,45,27,24,26,23,37,43,30,29,25,48,53,63,59,65,55,52,54,64,60,62,51,50,39,41,46,49,61,56,58
382,67,55,30,17,8,4,1,0,2,3,7,21,46,57,60,56,66,65,64,62,63,61,38,42,44,47,52,49,41,36,40,28,24,15,18,26,48,59,58,51,34,33,32,53,54,43,37,35,6,13,45,39,50,31,22,11,29,25,27,9,5,12,14,19,10,23,16,20
383,28,7,4,2,0,1,3,8,11,6,5,12,34,44,46,39,59,57,56,55,60,58,52,51,47,49,54,40,45,53,61,17,21,29,24,22,25,38,36,18,16,20,15,31,37,26,23,19,9,27,42,41,43,33,14,50,66,67,65,48,10,30,35,32,13,63,64,62
384,61,49,35,25,8,2,3,5,4,0,1,15,40,48,51,47,60,55,45,46,50,54,57,52,42,43,56,34,36,44,53,16,14,19,17,23,11,27,20,10,9,12,13,30,33,29,26,18,7,22,39,38,41,37,32,59,67,66,65,58,6,21,24,31,28,64,63,62
385,25,4,2,1,0,3,5,36,55,49,28,10,9,22,30,42,61,53,46,40,43,41,51,44,31,33,48,38,39,47,56,11,13,14,20,18,50,58,54,26,17,37,23,52,57,45,35,27,7,19,32,29,34,21,12,60,67,65,66,59,6,15,16,24,8,64,62,63
386,46,28,14,9,2,0,1,4,10,6,3,5,13,17,23,31,50,48,52,56,60,61,55,54,47,51,59,39,42,49,57,16,19,26,22,20,18,37,32,11,12,15,21,40,44,34,30,25,7,35,43,38,45,41,27,58,67,65,66,53,8,33,29,36,24,64,62,63
387,51,37,10,3,1,0,2,15,39,25,9,6,8,13,26,34,47,56,55,57,59,58,53,52,48,50,54,45,44,46,49,14,18,23,20,22,31,42,40,36,21,27,32,41,43,38,35,30,4,12,29,28,33,16,11,61,65,67,66,60,5,17,19,24,7,63,64,62
388,3,1,0,2,4,5,20,37,45,42,36,32,21,18,8,7,17,6,11,13,19,24,41,39,31,27,33,35,46,61,67,38,44,53,51,49,9,16,14,10,12,15,22,23,30,26,28,25,29,40,52,56,63,62,58,65,66,64,60,43,34,47,50,57,55,59,54,48
389,66,63,50,39,27,15,6,4,10,14,29,33,32,35,46,58,67,60,59,56,55,54,57,61,62,64,65,40,38,45,51,13,20,26,19,16,43,48,44,37,36,41,34,47,53,52,49,42,7,18,24,12,25,9,5,11,31,28,30,22,8,2,1,3,0,23,17,21
390,2,0,1,3,4,5,7,11,19,15,13,12,10,8,6,9,43,16,14,20,27,40,51,50,26,18,17,24,32,53,65,35,39,46,42,47,21,41,36,22,23,25,29,49,52,38,44,37,28,31,48,45,58,59,62,66,67,63,64,55,30,34,33,54,60,61,56,57
391,57,50,49,54,53,43,33,38,47,41,44,56,58,55,46,48,59,52,31,22,18,21,17,14,9,10,25,13,12,20,34,1,2,5,3,6,30,51,42,7,11,16,0,40,45,19,8,4,24,23,28,29,32,27,35,61,65,67,66,60,15,36,39,37,26,62,64,63
392,50,26,30,53,61,65,67,66,64,62,54,48,27,19,3,1,23,51,45,21,6,5,34,18,2,0,14,16,15,22,32,7,9,12,11,10,41,52,42,8,17,28,4,36,43,24,20,13,35,47,44,29,39,38,31,49,57,59,63,58,33,46,37,40,25,55,56,60
393,26,8,3,1,0,2,4,5,7,6,9,14,29,37,48,61,67,41,50,52,56,59,62,63,64,65,66,42,40,46,57,12,15,16,18,23,19,25,22,11,13,17,30,38,53,54,45,33,36,27,28,21,31,43,60,47,55,44,49,32,34,20,10,24,58,51,35,39
395,29,9,3,2,1,6,13,26,33,37,36,30,21,11,4,0,8,51,31,20,22,24,23,17,10,16,25,18,28,38,59,27,32,34,35,43,52,58,55,39,48,54,5,12,19,14,15,7,42,53,57,50,47,40,41,60,65,66,67,61,44,56,49,46,45,62,63,64
396,22,10,3,1,0,2,4,11,13,9,7,5,6,8,12,14,63,54,53,55,62,66,64,60,57,59,61,56,58,65,67,27,37,49,35,26,31,48,32,23,25,44,20,36,50,42,47,29,40,46,41,24,30,28,52,34,45,39,51,43,33,17,15,16,38,19,18,21
397,48,13,10,6,1,0,3,8,7,4,2,5,9,11,12,20,62,50,54,57,63,66,67,64,61,58,60,52,56,59,65,34,29,36,30,27,23,45,44,28,26,33,32,43,49,39,40,35,14,22,41,31,38,25,18,37,53,51,55,24,15,21,17,19,16,46,42,47
399,65,47,17,8,4,1,0,2,5,3,6,7,9,15,38,49,64,66,63,61,62,59,56,57,54,55,60,51,53,58,67,23,29,30,22,19,36,44,37,20,14,25,27,40,43,34,33,28,12,31,39,35,41,32,24,18,50,48,52,26,10,16,13,21,11,45,42,46
400,41,7,0,4,8,12,9,1,2,5,18,45,55,60,62,65,67,35,19,26,39,53,63,58,49,57,64,40,47,61,66,16,25,31,28,33,17,34,29,15,22,24,20,38,50,51,48,36,6,13,32,30,43,46,59,56,52,44,42,10,3,11,14,21,54,37,27,23
401,29,5,2,1,0,3,11,30,36,27,24,17,8,4,6,7,35,64,62,57,61,63,55,53,51,54,56,46,45,50,52,21,23,26,28,31,40,48,44,41,38,43,33,39,42,34,37,32,9,18,25,19,22,20,13,49,65,66,67,47,10,16,14,15,12,59,58,60
402,6,0,2,8,10,13,25,48,51,49,52,54,56,60,59,55,64,53,46,34,40,45,44,33,26,37,47,15,21,39,50,14,16,17,19,22,18,43,28,7,9,12,1,11,20,5,4,3,24,31,42,38,41,35,29,58,65,66,67,57,23,36,30,32,27,62,63,61
403,17,5,1,4,0,2,3,6,15,11,13,19,16,14,10,18,47,49,58,57,65,60,64,62,55,51,43,50,56,66,67,26,33,38,40,39,27,46,37,21,20,24,22,42,48,30,28,23,7,25,44,41,45,29,12,32,63,59,61,31,8,34,35,36,9,54,53,52
404,23,10,9,14,3,1,0,2,5,7,6,11,13,12,4,8,29,43,45,50,59,57,56,39,30,27,26,34,63,66,67,42,48,58,51,38,20,31,28,24,19,21,17,22,25,15,18,16,54,62,65,61,64,53,55,40,47,37,49,46,60,44,41,36,52,33,32,35
405,14,0,5,11,1,2,20,56,59,58,53,41,32,35,21,18,54,52,39,40,49,55,42,37,22,30,43,25,33,45,57,17,19,23,27,29,12,36,24,9,6,13,4,16,26,8,7,3,10,34,46,44,47,38,28,61,63,66,62,60,15,50,51,48,31,65,67,64
406,63,50,41,32,27,22,21,23,20,13,12,19,28,40,45,47,61,59,58,56,57,55,49,54,51,52,53,38,34,36,43,9,5,7,8,10,44,48,46,33,30,39,24,37,42,29,26,25,1,11,18,16,17,15,14,31,62,67,66,35,0,6,3,4,2,60,65,64
407,33,14,6,4,2,1,0,3,17,15,11,9,12,13,8,5,30,49,47,52,57,55,42,41,32,27,19,45,56,59,61,37,44,54,53,51,26,43,40,28,21,22,25,36,38,18,23,24,7,29,50,46,48,31,20,60,65,66,63,58,10,34,39,35,16,64,67,62
408,6,5,3,4,1,0,2,8,23,19,13,9,11,12,7,10,26,52,38,32,44,47,46,48,41,39,43,28,36,55,61,25,30,40,35,34,22,45,33,15,16,21,17,37,50,27,24,20,14,42,57,56,58,49,31,60,66,67,65,59,18,51,54,53,29,63,64,62
409,53,13,4,2,1,0,3,8,12,6,5,7,9,10,11,17,66,49,37,43,48,52,65,61,55,44,56,39,47,59,67,28,24,23,20,21,14,35,29,18,15,16,22,54,64,50,42,30,36,31,38,27,34,46,57,58,62,60,63,51,32,25,19,26,41,40,33,45
410,54,37,23,15,1,0,9,35,44,30,18,22,38,45,42,25,43,40,41,47,56,60,58,53,34,13,6,46,51,55,61,24,29,39,32,31,8,19,16,10,12,14,11,3,5,2,7,4,48,26,33,27,28,36,50,57,65,67,66,59,52,21,20,17,49,62,64,63
411,54,43,41,34,13,2,0,1,10,7,12,33,48,56,61,58,66,67,55,51,53,52,49,45,46,50,63,40,37,38,42,19,17,20,21,23,35,39,36,29,18,28,24,31,32,27,22,16,3,11,30,26,25,9,6,44,62,64,65,47,5,15,14,8,4,57,60,59
412,9,3,1,0,2,4,30,59,65,60,45,15,11,13,16,42,64,32,17,18,28,35,43,40,33,37,48,34,19,24,39,5,6,7,8,10,31,50,46,25,23,29,38,55,58,51,49,47,22,27,21,26,41,44,57,62,67,66,63,52,20,12,14,36,53,61,56,54
413,57,31,17,14,6,1,0,3,10,4,5,11,26,36,37,27,47,59,49,45,50,46,24,20,19,21,30,40,29,25,39,16,13,12,15,18,44,58,54,42,35,38,33,41,43,22,23,32,8,34,56,53,51,28,9,60,65,67,66,61,7,52,55,48,2,62,64,63
414,39,8,2,3,0,1,4,28,41,33,23,12,13,22,17,21,44,60,42,34,35,38,30,26,20,29,45,25,14,18,31,7,6,5,9,11,36,48,43,24,27,32,10,37,40,19,16,15,55,51,47,46,50,52,58,61,67,66,65,59,49,56,53,57,54,64,63,62
415,38,9,4,2,0,1,3,7,8,6,5,10,18,26,43,46,59,42,44,47,50,51,49,54,52,56,60,37,41,48,58,17,20,24,25,30,14,22,21,16,11,13,19,33,39,40,36,27,15,23,34,31,35,45,57,61,67,66,65,55,12,29,28,32,53,64,63,62
416,6,4,2,1,0,3,5,7,14,13,15,17,16,10,8,12,42,22,26,31,41,53,56,54,43,38,44,50,55,66,67,30,39,45,40,34,24,36,27,19,18,21,20,37,49,32,28,25,9,35,60,58,64,51,29,47,65,61,63,33,11,46,48,52,23,62,57,59
417,47,15,8,7,4,1,0,2,6,3,5,10,17,30,37,31,54,66,65,62,63,61,44,34,22,19,18,56,59,64,67,41,46,51,52,55,50,53,49,39,40,42,21,26,28,20,24,23,12,38,60,58,57,36,13,14,27,25,29,16,11,45,48,43,9,32,33,35
418,62,15,4,2,0,1,3,9,17,16,32,58,56,54,49,60,67,61,57,41,36,33,39,38,34,43,63,22,28,42,66,7,8,11,13,19,29,53,44,14,12,18,10,51,65,48,37,24,5,23,31,30,50,55,59,52,64,45,46,27,6,20,21,35,47,40,25,26
419,66,59,52,35,20,9,1,0,3,5,8,13,26,28,36,32,55,67,64,62,61,56,34,30,29,33,38,50,43,40,49,23,25,22,24,27,60,65,63,53,51,54,31,57,58,44,39,37,6,11,21,19,18,10,7,14,48,47,46,12,2,17,16,15,4,42,45,41
420,62,33,29,28,8,2,5,21,26,18,9,12,7,3,1,0,13,48,45,50,56,61,40,32,24,22,25,31,43,60,67,39,35,38,34,30,16,27,23,19,14,17,4,15,20,10,11,6,65,59,64,55,53,51,47,41,49,52,63,57,66,58,46,44,37,36,42,54
421,51,20,9,8,5,3,2,4,17,10,16,33,47,53,44,41,61,60,46,36,43,50,37,38,35,45,58,40,42,49,59,13,18,24,28,31,39,57,52,25,22,30,27,54,56,34,32,29,1,11,23,19,26,12,7,55,65,63,62,48,0,14,15,21,6,67,66,64
422,31,5,2,1,0,3,4,11,49,48,42,33,29,39,35,45,67,65,60,57,62,64,46,43,38,50,56,47,44,53,61,13,16,20,23,27,59,66,63,40,54,58,14,37,41,26,25,21,7,19,30,24,28,10,18,15,51,52,55,22,6,12,8,9,17,34,32,36
423,64,51,38,28,13,7,0,1,4,3,2,9,17,21,29,31,54,60,61,57,62,56,50,53,49,52,55,48,41,40,42,26,20,18,19,22,39,47,44,33,27,30,36,45,46,35,34,32,5,11,24,23,25,15,10,37,65,67,66,43,6,12,14,16,8,58,63,59
424,12,5,3,4,1,0,2,9,15,10,7,6,8,11,16,20,46,47,50,49,53,54,58,60,56,57,67,48,52,55,65,28,35,39,38,36,24,34,32,23,27,29,37,42,51,44,45,41,13,19,30,31,33,22,17,43,64,66,63,40,14,21,25,26,18,61,62,59
425,42,5,4,18,9,6,7,38,56,54,60,62,57,51,39,40,67,19,3,2,16,30,25,8,0,1,31,20,28,44,63,12,13,14,15,26,21,53,50,34,27,35,17,37,45,24,36,22,10,33,47,41,49,43,52,59,66,64,65,48,11,29,23,32,46,61,55,58
426,39,6,4,2,0,1,3,5,8,7,9,10,21,47,53,63,67,62,60,58,56,55,57,59,61,65,66,51,52,54,64,19,28,40,37,35,43,48,42,31,27,34,26,44,50,49,41,32,11,30,45,38,46,36,29,14,25,18,33,17,12,20,15,22,24,16,13,23
427,10,4,3,6,1,0,2,9,14,12,13,16,11,8,5,7,34,46,23,21,33,51,57,48,32,42,61,27,43,60,67,24,31,38,39,41,20,36,29,15,18,22,28,45,50,25,30,26,17,44,53,47,59,58,54,62,66,64,65,40,19,35,37,49,52,63,56,55
428,43,9,4,3,0,1,2,5,8,6,7,10,21,30,39,57,67,51,60,62,63,59,53,61,65,64,58,49,50,56,66,27,34,36,35,33,46,55,52,40,42,44,38,48,54,47,45,41,24,25,32,28,31,26,37,15,18,13,17,16,23,20,22,19,29,12,11,14
429,6,5,2,3,1,0,4,11,36,28,18,16,20,24,17,19,49,39,34,40,45,51,59,56,41,29,42,25,37,54,60,31,32,38,33,30,9,22,13,8,7,10,12,26,35,14,23,15,21,43,53,52,57,55,48,62,67,66,65,58,27,44,46,50,47,64,63,61
430,41,6,4,3,1,0,2,5,15,12,13,24,33,25,20,37,66,21,19,18,34,36,27,30,23,32,40,31,44,58,67,38,43,51,47,45,7,28,29,14,10,8,9,35,39,26,22,17,11,49,62,60,61,54,53,55,65,64,63,50,16,46,52,48,42,59,57,56
431,62,56,50,43,6,1,0,2,3,4,5,31,53,61,64,65,67,54,45,41,42,40,48,57,60,63,66,29,26,36,52,12,17,28,15,10,13,16,9,8,7,11,37,49,58,59,55,44,23,18,32,24,22,27,39,33,46,47,51,25,19,21,20,14,30,35,38,34
432,65,60,44,27,5,1,0,2,4,3,6,41,59,62,63,66,67,61,57,52,53,56,45,31,34,58,64,30,28,36,54,16,18,21,19,26,38,40,35,33,37,42,9,17,24,32,29,20,22,25,49,39,50,51,55,23,47,46,48,10,13,11,12,15,43,14,8,7
433,6,0,3,4,1,2,5,8,12,13,15,14,11,10,7,9,30,19,23,36,42,44,53,45,34,21,16,38,43,56,60,27,33,37,40,41,17,48,39,26,22,29,31,46,51,18,24,28,20,54,58,55,57,50,35,61,67,66,65,59,25,52,47,49,32,64,62,63
434,5,2,0,1,3,4,13,40,51,45,30,24,21,18,17,19,34,15,20,27,31,39,48,43,33,37,41,28,38,53,57,26,29,36,32,35,6,11,10,9,7,8,12,16,25,23,22,14,54,52,49,46,50,56,60,61,65,66,67,59,55,44,42,47,58,63,62,64
435,36,8,4,3,1,0,2,5,15,7,6,10,13,19,20,25,65,47,41,32,37,35,23,33,34,42,49,39,54,66,67,50,57,62,56,51,16,26,24,18,12,14,17,29,40,31,30,21,9,43,64,63,61,45,28,38,58,59,60,27,11,46,48,44,22,52,55,53
436,39,34,44,42,4,0,1,2,6,7,3,5,8,11,12,10,22,36,31,37,49,50,51,38,25,13,14,33,45,58,59,35,40,48,47,41,15,30,29,28,23,24,20,18,17,9,16,19,21,43,56,52,55,46,27,61,67,66,65,60,26,53,57,54,32,63,64,62
437,21,8,9,13,6,3,0,1,2,4,5,7,10,16,11,14,46,66,59,58,63,62,65,61,57,54,60,44,53,64,67,37,43,49,48,47,25,51,50,34,30,33,23,35,40,22,28,27,12,38,56,52,55,39,18,20,36,32,31,19,15,41,45,42,17,29,26,24
438,14,4,6,9,3,1,0,2,8,5,7,10,13,15,11,12,42,30,22,25,35,38,48,46,36,34,37,28,43,52,59,29,33,41,47,50,17,39,32,19,16,23,18,31,40,24,27,20,21,44,54,55,57,51,49,61,66,65,67,60,26,53,56,58,45,62,64,63
439,26,20,29,34,17,0,4,28,30,13,3,25,40,50,35,21,43,41,22,14,27,47,60,54,33,37,59,31,39,58,67,42,46,53,44,38,9,15,5,1,12,18,8,11,23,16,24,19,2,32,57,56,55,36,10,52,63,66,64,45,6,49,51,48,7,62,65,61
440,34,5,3,7,2,0,1,4,14,21,38,44,43,40,39,47,66,51,49,48,56,61,54,53,58,65,67,26,37,50,64,13,17,28,29,30,9,22,18,15,10,12,11,33,45,42,36,16,6,27,41,31,35,23,32,52,63,60,62,46,8,25,20,19,24,59,55,57
441,38,5,3,2,0,1,4,33,47,44,40,45,49,51,53,50,64,35,17,6,11,19,12,7,8,28,56,14,23,39,57,26,27,31,29,34,16,22,18,10,13,15,9,20,30,37,32,21,24,43,52,46,48,55,59,63,66,65,67,58,25,41,36,42,54,62,60,61
442,12,5,3,0,2,1,4,7,14,9,6,8,11,10,13,15,16,21,40,47,51,56,59,54,45,42,25,48,50,57,61,26,33,38,36,35,20,30,24,18,17,19,29,34,39,23,28,22,27,49,60,55,58,46,31,53,62,65,63,52,37,44,43,41,32,64,67,66
443,43,10,3,2,0,1,4,9,18,19,25,32,30,34,41,54,67,57,59,60,61,58,64,66,63,62,65,53,47,46,49,11,13,21,23,28,42,52,50,38,37,40,44,55,56,51,48,45,5,15,17,12,24,22,20,31,39,35,36,26,6,8,7,14,16,33,27,29
444,41,5,3,1,0,2,4,23,43,25,8,9,16,21,19,22,55,35,31,42,51,56,57,53,47,48,54,32,45,58,61,26,30,40,37,33,12,28,20,10,7,14,13,24,34,18,17,15,6,36,50,49,52,46,29,60,67,66,65,59,11,38,39,44,27,64,63,62
445,31,17,14,9,7,3,1,0,2,4,20,59,64,67,66,63,62,54,50,55,58,57,47,25,15,10,11,56,60,61,65,46,48,53,52,51,44,49,45,36,41,43,29,40,42,27,30,28,18,22,34,24,26,12,6,8,35,33,32,13,16,23,21,19,5,39,37,38
446,63,47,34,23,10,4,1,2,3,0,5,21,51,61,64,66,67,62,60,58,57,55,48,54,56,59,65,41,40,42,50,29,28,27,32,33,46,49,43,37,36,38,35,45,52,53,44,39,9,16,30,24,25,13,11,6,19,22,31,12,8,17,15,14,7,18,20,26
447,55,19,7,6,3,2,0,1,4,5,14,34,46,53,57,59,67,54,51,47,52,50,36,41,42,49,56,43,48,58,66,24,28,31,32,33,25,40,30,13,10,16,11,21,23,12,9,8,20,27,37,29,39,35,38,45,65,62,64,44,18,17,15,22,26,63,60,61
448,4,2,0,1,3,5,6,20,36,28,15,11,10,9,7,8,13,21,26,37,51,53,57,62,61,63,65,44,50,54,59,22,29,33,35,39,16,25,24,19,18,17,23,49,52,43,41,32,12,27,38,46,48,42,31,55,67,66,64,47,14,34,40,45,30,60,58,56
449,63,14,9,4,1,0,2,3,8,5,10,25,56,61,64,59,67,62,60,53,57,49,38,41,37,40,39,46,54,65,66,20,28,30,35,42,31,50,44,24,21,26,17,43,51,36,29,27,6,13,34,33,32,23,12,16,52,58,55,15,7,19,22,18,11,45,48,47
450,66,48,32,18,2,1,10,46,47,44,42,51,59,62,60,57,67,49,45,34,37,40,33,35,41,50,61,21,25,43,52,8,11,15,16,20,12,30,19,5,6,9,0,22,39,27,13,7,3,14,38,36,31,26,24,54,63,65,64,53,4,28,29,23,17,55,58,56
451,23,5,4,3,0,1,2,6,14,13,7,8,17,33,40,46,61,53,58,59,63,65,50,57,54,60,64,51,62,66,67,48,49,56,55,52,15,28,32,16,12,10,19,35,44,26,27,21,9,20,38,34,37,31,36,29,47,45,43,18,11,22,25,24,30,42,41,39
452,49,18,5,2,0,1,3,4,6,7,17,28,29,26,36,53,67,56,58,59,61,60,65,66,64,62,63,48,42,41,46,9,8,11,14,19,45,52,50,34,33,40,43,55,57,54,51,47,12,22,20,16,23,31,27,39,44,35,38,32,13,15,10,21,24,37,25,30
453,61,26,10,8,5,2,0,1,6,3,4,7,9,13,39,59,67,63,62,60,57,55,42,53,54,58,64,52,56,65,66,41,48,51,44,38,33,50,46,22,20,27,11,36,45,30,25,14,31,35,47,34,43,37,49,21,28,23,29,16,32,24,18,19,40,15,12,17
454,67,56,45,34,3,1,0,2,5,4,6,12,24,38,40,35,55,57,54,48,52,43,7,20,37,49,58,44,51,59,66,42,47,46,50,53,18,30,32,29,13,11,25,31,33,23,28,22,9,10,27,21,16,8,36,39,60,62,61,41,15,17,19,14,26,63,65,64
455,39,44,63,67,65,54,46,38,28,11,6,10,29,48,43,47,66,58,45,41,51,53,40,35,37,52,64,22,30,50,61,13,14,19,17,20,4,23,16,3,0,1,2,26,42,12,9,5,7,15,32,25,31,33,36,49,59,60,62,34,8,24,18,21,27,56,55,57
456,20,4,7,9,11,33,49,60,62,59,57,52,47,55,64,65,67,61,58,51,54,56,41,38,24,17,21,34,50,63,66,40,42,46,48,53,43,44,39,18,23,29,3,5,6,1,2,0,26,31,45,36,28,25,35,14,15,22,30,19,16,32,27,12,37,8,10,13
457,57,24,11,9,3,1,0,2,8,7,5,4,6,10,18,23,58,54,51,52,61,60,47,32,28,25,26,44,53,66,67,43,40,39,38,35,19,29,27,20,17,16,15,21,22,13,14,12,37,48,62,55,63,64,65,56,50,46,49,31,45,36,34,41,59,42,30,33
458,34,14,7,8,2,0,1,16,32,18,3,4,12,19,28,37,53,54,49,48,52,57,59,58,51,47,50,42,35,41,46,5,6,9,11,15,22,40,31,10,13,17,21,33,43,26,23,20,39,29,36,30,38,45,55,61,65,67,66,60,44,25,24,27,56,63,64,62
459,64,37,26,11,5,4,1,0,2,3,7,25,45,59,66,65,67,62,60,61,63,58,54,56,57,51,47,52,44,40,42,31,32,30,33,34,48,55,50,46,35,36,38,49,53,43,41,39,8,13,28,27,29,23,21,12,18,14,16,9,6,15,17,22,10,24,19,20
461,65,48,37,18,2,0,1,3,11,5,4,6,7,10,9,8,32,49,50,52,61,64,59,47,27,17,16,53,63,66,67,54,55,58,56,51,25,41,40,22,20,24,15,19,21,12,14,13,36,46,62,60,57,43,30,26,31,34,44,33,39,45,42,35,23,28,29,38
462,62,48,3,2,4,12,23,20,22,11,36,56,61,64,65,66,67,60,55,29,15,30,52,44,51,59,63,21,28,46,58,6,9,17,19,24,31,40,32,14,18,25,26,34,45,42,43,38,0,5,13,16,39,33,47,50,57,54,49,7,1,8,10,27,37,53,41,35
463,48,17,4,2,0,1,3,8,21,20,25,40,54,56,57,58,64,16,12,19,26,29,43,45,44,49,55,23,28,34,50,13,18,24,27,32,5,15,14,9,6,7,22,37,52,46,41,31,10,35,47,42,53,51,38,60,67,66,65,59,11,33,30,39,36,63,62,61
464,33,15,9,3,0,1,2,7,11,8,4,5,6,10,13,16,35,51,59,64,67,66,63,65,62,61,58,54,52,57,60,25,26,29,27,28,40,49,48,41,36,39,37,47,50,46,43,38,14,19,32,30,34,24,18,31,55,56,53,23,12,20,21,22,17,45,44,42
465,39,8,4,2,1,0,3,7,13,6,5,11,32,47,51,55,61,34,36,38,48,52,50,53,49,56,59,37,44,57,60,20,24,35,33,31,16,19,15,9,10,14,12,21,30,26,23,18,17,28,43,42,46,45,41,58,65,67,64,54,22,25,29,27,40,63,66,62
466,63,40,25,13,6,2,1,4,5,0,3,20,35,53,59,65,67,66,64,62,60,54,55,56,57,58,61,49,46,51,52,34,33,32,29,28,47,50,44,39,37,41,36,43,48,45,42,38,8,23,30,27,31,26,19,10,18,16,17,9,7,22,21,24,11,14,12,15
467,51,30,13,19,16,8,11,18,37,33,40,50,53,54,55,56,61,57,45,38,42,46,49,48,47,52,58,41,35,39,44,3,2,4,6,17,14,31,29,15,7,10,22,36,43,34,32,28,1,5,21,23,25,20,12,59,65,67,66,60,0,26,27,24,9,62,64,63
468,5,3,0,1,2,4,12,36,57,58,51,43,41,29,24,18,34,16,23,28,35,32,40,45,37,38,42,25,39,56,59,15,22,33,31,27,9,13,11,7,6,8,10,20,30,21,17,14,19,48,54,53,55,52,44,61,66,67,65,60,26,47,49,50,46,63,64,62
469,6,4,2,1,0,3,5,7,10,11,17,28,20,19,21,37,63,52,29,16,22,34,66,61,53,45,38,56,55,57,64,36,42,41,39,40,59,67,65,46,54,58,44,60,62,50,51,47,8,13,24,32,48,30,18,25,43,31,26,12,9,14,23,33,15,49,35,27
470,65,58,40,27,21,16,5,6,7,8,17,35,55,62,64,66,67,63,60,56,57,50,37,39,43,52,61,41,44,49,59,26,30,32,29,31,48,53,46,34,36,42,33,47,54,51,45,38,4,19,28,24,25,18,13,0,12,14,15,1,2,23,22,20,3,10,9,11
471,64,33,4,2,0,1,3,5,10,6,13,14,17,25,36,49,67,55,51,50,56,52,61,59,47,45,58,42,43,48,60,29,30,26,28,35,46,57,54,41,38,39,44,63,66,65,62,53,11,23,32,21,24,20,40,15,34,31,37,19,12,9,7,8,27,18,16,22
472,5,3,0,1,2,4,13,57,59,56,36,14,24,49,44,23,53,47,35,33,50,52,51,48,32,41,55,25,45,54,58,19,27,38,28,29,11,17,12,7,6,8,9,15,31,21,18,10,16,30,46,42,39,20,43,61,63,66,67,60,22,37,34,26,40,62,65,64
473,26,7,3,4,2,1,0,5,11,6,8,17,41,58,61,65,67,62,60,55,57,53,46,48,52,59,63,51,56,64,66,30,32,36,39,44,37,50,45,24,23,28,19,49,54,47,38,27,9,29,43,40,42,31,22,12,16,15,18,13,10,34,35,33,14,20,21,25
474,5,3,1,0,2,4,6,34,58,42,21,11,15,18,20,24,55,16,19,25,32,43,44,49,45,50,53,35,51,61,64,29,33,39,38,37,10,26,23,8,7,9,13,30,36,27,22,17,12,40,57,56,59,47,31,54,66,67,65,52,14,41,46,48,28,63,62,60
475,66,61,49,18,15,4,1,0,2,3,16,56,62,64,65,63,67,60,59,58,55,37,19,27,34,41,50,39,44,48,57,20,28,31,30,26,47,51,46,40,29,35,22,36,42,43,33,25,14,38,54,52,53,45,32,6,9,7,8,5,13,21,24,23,17,11,10,12
476,1,0,5,13,16,26,37,57,61,59,55,48,47,42,33,17,27,7,3,10,14,22,25,23,18,20,28,29,35,44,60,34,36,41,40,39,4,11,9,2,6,8,12,19,30,24,21,15,31,38,52,53,56,51,46,58,65,67,66,54,32,45,49,50,43,62,64,63
477,6,4,2,1,0,3,5,21,34,29,22,17,9,11,10,8,32,42,56,57,61,63,65,62,51,40,35,52,64,66,67,38,49,54,48,41,23,31,27,14,15,18,13,24,26,19,20,16,7,36,58,59,60,37,28,33,47,45,46,30,12,39,43,44,25,55,53,50
478,54,45,27,15,8,5,19,50,53,46,30,48,55,59,60,56,61,51,43,36,34,32,35,31,28,37,52,39,38,44,49,14,18,21,20,23,24,29,25,12,11,13,26,41,47,42,40,33,0,4,16,17,22,6,3,57,65,67,66,58,1,7,9,10,2,62,64,63
479,59,16,6,7,3,2,0,1,4,21,58,62,63,64,65,66,67,56,39,26,29,38,48,47,52,60,61,19,22,44,57,5,10,14,13,17,15,42,28,9,8,12,11,46,55,49,33,18,25,23,36,31,43,30,51,24,53,50,54,27,20,37,40,45,41,35,32,34
480,6,1,0,2,3,4,5,21,32,26,17,25,39,46,51,54,57,12,11,13,22,28,24,34,43,52,56,30,31,41,50,14,15,16,18,27,10,20,19,9,8,7,23,48,53,49,44,29,33,37,47,40,45,55,60,64,65,66,67,58,36,42,35,38,59,62,61,63
481,8,4,2,3,1,0,5,16,30,20,7,17,23,24,18,15,41,13,21,27,36,51,56,57,52,48,55,40,53,58,60,28,35,47,45,43,6,25,22,9,10,12,19,37,46,33,31,26,11,34,49,50,54,39,32,61,66,67,65,59,14,38,44,42,29,63,64,62
482,54,8,3,2,0,1,4,10,17,7,5,6,9,14,30,51,67,37,34,35,50,55,18,16,21,45,60,47,56,65,66,33,42,49,43,38,28,44,40,26,22,24,12,29,39,31,25,19,11,48,58,53,52,36,20,41,57,61,63,46,13,32,27,23,15,59,62,64
483,64,26,15,10,6,4,2,1,3,0,5,12,19,40,48,53,67,65,59,54,58,60,63,57,55,56,61,50,52,62,66,35,37,39,38,44,41,49,45,29,28,33,27,46,51,47,42,36,8,16,31,34,43,21,14,13,24,18,17,9,7,20,25,32,11,30,23,22
484,45,21,19,20,8,2,0,1,3,4,15,28,58,64,65,66,67,63,61,60,59,53,48,50,55,54,56,39,51,57,62,34,38,42,46,44,32,49,41,31,23,25,24,37,40,29,27,26,6,22,47,43,52,30,18,9,17,10,16,7,5,33,35,36,12,14,11,13
485,1,0,2,3,7,14,22,47,59,52,43,37,30,26,20,19,33,4,6,13,16,27,31,36,34,32,39,24,38,48,64,35,41,46,45,40,5,11,12,10,9,8,15,18,25,23,21,17,28,49,60,57,58,50,44,56,66,67,65,51,29,53,55,54,42,61,63,62
486,4,1,0,2,3,5,6,13,27,29,26,35,42,51,45,34,47,31,28,33,41,49,56,57,52,55,59,32,43,54,60,18,25,36,37,38,11,16,15,9,10,12,14,24,30,20,19,17,7,22,48,50,53,40,21,61,66,67,65,58,8,39,44,46,23,63,64,62
487,60,43,28,16,5,1,0,2,8,10,19,31,35,29,20,23,54,51,53,55,58,59,61,57,49,46,52,48,47,50,56,24,22,25,27,30,39,44,41,26,21,32,36,42,45,38,40,33,4,7,15,12,18,11,9,37,64,63,62,34,3,14,13,17,6,67,66,65
488,65,61,63,67,64,66,62,60,59,56,48,40,34,46,41,42,58,36,23,8,5,0,4,1,2,9,26,6,10,21,29,17,15,18,19,22,27,28,25,12,14,24,3,16,20,13,11,7,44,39,32,30,35,47,53,54,57,51,52,50,38,33,31,37,55,49,43,45
489,6,4,3,2,0,1,5,28,48,43,23,11,9,15,16,18,47,42,21,19,30,34,38,37,36,35,40,26,33,45,49,20,24,27,32,39,13,29,22,10,7,8,12,31,41,25,17,14,44,51,55,57,63,65,62,59,67,66,64,50,46,52,53,61,56,60,58,54
490,65,49,45,34,5,2,0,1,3,4,6,12,17,24,9,11,51,63,61,59,64,60,47,48,35,32,28,54,62,66,67,43,52,55,56,53,29,57,58,31,20,16,26,44,41,10,14,15,7,19,38,33,36,23,18,30,50,40,46,25,8,21,27,22,13,42,37,39
491,6,4,3,1,0,2,5,8,16,14,15,19,26,31,47,57,66,25,22,23,30,42,60,62,63,65,67,50,53,59,64,24,28,38,39,45,11,20,17,12,10,13,36,55,61,58,56,48,7,18,29,35,46,44,40,43,54,52,51,21,9,27,32,41,33,49,37,34
492,5,3,1,2,0,4,6,27,55,49,41,35,34,29,21,17,37,25,20,23,31,40,44,36,26,30,50,22,33,54,59,32,39,45,43,42,11,19,16,7,8,13,9,15,18,12,14,10,24,38,52,51,53,47,46,61,65,67,66,60,28,56,57,58,48,62,64,63
